x0,x1,x2,x3,y
0.00000e+00,0.00000e+00,0.00000e+00,0.00000e+00,0.00000e+00
1.97838e-01,-4.92433e-02,1.59124e-01,-5.75697e-02,0.00000e+00
-1.70384e-01,-1.71874e-02,-2.11404e-01,9.22337e-02,0.00000e+00
1.21111e-01,6.55810e-02,-4.53445e-02,4.36436e-02,0.00000e+00
-3.10168e-02,-1.02596e-01,1.70409e-02,-4.23637e-03,0.00000e+00
-4.49998e-02,1.57793e-01,1.28682e-02,-2.24525e-02,0.00000e+00
-3.86487e-01,-2.81685e-02,4.70700e-02,-1.89240e-01,0.00000e+00
-6.75380e-02,1.11035e-01,-1.92463e-01,-5.40468e-02,0.00000e+00
-8.15136e-02,1.56631e-01,2.87273e-02,-6.77795e-02,0.00000e+00
-1.07322e-02,-1.06098e-01,-2.21478e-01,-1.97622e-01,0.00000e+00
1.08576e-01,-1.04938e-01,-2.10510e-01,-1.28873e-01,0.00000e+00
-2.00919e-03,1.83283e-01,-1.96414e-01,-3.15846e-01,0.00000e+00
1.59010e-01,-5.43568e-02,-3.98141e-02,-6.34529e-02,0.00000e+00
-1.36620e-01,8.24862e-02,-1.78731e-02,2.93928e-02,0.00000e+00
-4.44284e-02,1.74641e-01,1.64221e-01,3.72985e-01,0.00000e+00
4.14261e-01,-1.20689e-02,2.82300e-02,-3.24335e-02,0.00000e+00
1.24802e-01,2.48365e-01,-1.71304e-02,8.39265e-02,0.00000e+00
-1.48961e-01,-2.20760e-01,2.44574e-02,1.91885e-01,0.00000e+00
9.69596e-02,-2.84637e-01,1.58107e-01,-2.09512e-01,0.00000e+00
-1.05227e-01,1.13685e-01,-1.05151e-02,5.80697e-02,0.00000e+00
-2.99611e-01,2.57295e-01,6.85615e-02,1.18017e-01,0.00000e+00
-5.20903e-02,-5.80912e-02,1.11074e-01,-1.01636e-01,0.00000e+00
-3.52299e-02,4.40614e-02,1.05266e-01,-1.08901e-01,0.00000e+00
-2.19790e-02,1.37784e-01,4.00063e-02,1.04548e-02,0.00000e+00
-8.90404e-02,6.91939e-02,-1.05851e-02,-3.87372e-01,0.00000e+00
1.23218e-02,4.04000e-01,2.10988e-01,-1.00633e-01,0.00000e+00
1.18567e+00,1.02628e+00,1.28021e+00,1.15593e+00,1.00000e+00
1.16810e+00,1.18247e+00,6.75644e-01,9.51033e-01,1.00000e+00
1.25637e+00,8.06125e-01,9.32298e-01,1.05390e+00,1.00000e+00
9.67764e-01,1.02505e+00,1.40666e+00,1.08301e+00,1.00000e+00
1.36535e+00,8.46291e-01,8.76369e-01,7.37673e-01,1.00000e+00
1.04472e+00,7.53140e-01,1.21699e+00,8.28456e-01,1.00000e+00
1.05316e+00,1.09159e+00,1.23277e+00,1.08192e+00,1.00000e+00
8.93494e-01,1.11427e+00,1.02561e+00,9.38738e-01,1.00000e+00
9.33720e-01,9.56766e-01,8.94967e-01,1.04143e+00,1.00000e+00
8.13744e-01,1.21433e+00,9.44054e-01,9.37105e-01,1.00000e+00
9.67592e-01,1.16928e+00,9.79277e-01,1.16195e+00,1.00000e+00
1.11570e+00,1.10413e+00,1.01823e+00,9.05905e-01,1.00000e+00
1.41679e+00,8.77381e-01,1.06402e+00,1.10670e+00,1.00000e+00
9.83092e-01,7.92072e-01,9.83284e-01,9.92612e-01,1.00000e+00
8.32054e-01,9.79811e-01,1.03801e+00,1.21361e+00,1.00000e+00
1.12842e+00,9.78729e-01,9.10474e-01,1.15720e+00,1.00000e+00
1.41206e+00,8.38273e-01,1.13560e+00,7.74115e-01,1.00000e+00
1.00648e+00,9.70938e-01,1.07518e+00,1.20607e+00,1.00000e+00
8.99793e-01,8.44974e-01,1.10133e+00,1.10684e+00,1.00000e+00
1.05876e+00,1.01532e+00,8.36890e-01,9.35234e-01,1.00000e+00
7.99396e-01,1.34535e+00,1.10870e+00,1.22583e+00,1.00000e+00
1.16433e+00,7.26531e-01,9.97761e-01,1.12009e+00,1.00000e+00
1.21504e+00,1.21655e+00,8.75658e-01,1.39569e+00,1.00000e+00
1.12179e+00,1.18629e+00,7.94490e-01,8.94430e-01,1.00000e+00
1.52892e+00,1.29524e+00,1.26678e+00,1.12036e+00,1.00000e+00
2.11670e+00,1.90980e+00,2.08025e+00,2.14350e+00,2.00000e+00
2.01780e+00,2.04844e+00,2.10530e+00,1.91968e+00,2.00000e+00
2.04667e+00,2.12466e+00,1.96907e+00,1.85012e+00,2.00000e+00
1.72073e+00,1.93407e+00,1.82961e+00,1.79202e+00,2.00000e+00
1.86044e+00,1.90241e+00,1.63230e+00,1.80642e+00,2.00000e+00
1.88017e+00,1.86582e+00,2.00998e+00,2.11324e+00,2.00000e+00
2.20122e+00,2.33484e+00,1.96581e+00,2.24405e+00,2.00000e+00
1.82663e+00,2.18477e+00,2.15120e+00,1.55382e+00,2.00000e+00
1.90183e+00,2.32475e+00,2.12323e+00,2.13777e+00,2.00000e+00
2.15465e+00,1.99725e+00,2.18743e+00,2.25704e+00,2.00000e+00
1.99860e+00,1.87200e+00,2.24194e+00,2.04951e+00,2.00000e+00
1.83792e+00,1.98520e+00,1.91104e+00,2.05192e+00,2.00000e+00
2.01988e+00,1.84690e+00,2.00376e+00,2.23576e+00,2.00000e+00
1.86498e+00,2.18480e+00,1.86530e+00,2.41226e+00,2.00000e+00
1.93560e+00,1.88631e+00,2.06918e+00,1.98230e+00,2.00000e+00
2.04574e+00,2.00504e+00,1.92298e+00,1.63872e+00,2.00000e+00
1.96849e+00,1.73104e+00,1.98590e+00,2.15926e+00,2.00000e+00
1.87973e+00,1.98111e+00,2.19799e+00,2.20788e+00,2.00000e+00
2.20420e+00,2.36352e+00,1.93220e+00,1.96735e+00,2.00000e+00
1.69129e+00,2.04667e+00,1.82158e+00,2.10969e+00,2.00000e+00
2.03007e+00,2.05956e+00,2.03071e+00,2.10922e+00,2.00000e+00
1.78416e+00,1.98846e+00,1.93127e+00,2.11086e+00,2.00000e+00
1.68070e+00,2.16835e+00,2.07831e+00,2.05220e+00,2.00000e+00
2.10903e+00,1.72255e+00,2.21994e+00,2.11045e+00,2.00000e+00
1.84228e+00,1.93527e+00,1.89051e+00,2.07549e+00,2.00000e+00
2.85430e+00,3.26606e+00,2.66570e+00,2.69680e+00,3.00000e+00
2.93634e+00,2.89672e+00,3.07439e+00,3.16257e+00,3.00000e+00
2.70666e+00,3.22722e+00,2.97094e+00,3.01824e+00,3.00000e+00
3.00875e+00,3.07563e+00,2.91660e+00,2.88599e+00,3.00000e+00
2.96430e+00,2.99600e+00,2.88979e+00,3.10663e+00,3.00000e+00
3.04472e+00,2.73095e+00,3.10614e+00,2.89819e+00,3.00000e+00
3.00426e+00,3.42925e+00,2.95589e+00,2.99511e+00,3.00000e+00
3.14175e+00,3.25170e+00,2.50679e+00,2.81531e+00,3.00000e+00
3.00972e+00,3.01891e+00,3.06877e+00,3.08376e+00,3.00000e+00
3.05536e+00,2.88511e+00,3.08438e+00,3.05116e+00,3.00000e+00
3.20459e+00,2.83348e+00,2.78150e+00,2.81983e+00,3.00000e+00
2.93564e+00,3.20635e+00,3.03825e+00,2.93361e+00,3.00000e+00
2.81461e+00,2.90162e+00,3.07996e+00,3.00263e+00,3.00000e+00
3.04298e+00,3.07566e+00,3.03483e+00,2.92239e+00,3.00000e+00
2.90320e+00,2.97966e+00,3.45701e+00,2.95762e+00,3.00000e+00
2.97292e+00,2.89452e+00,3.17401e+00,3.15343e+00,3.00000e+00
2.87044e+00,3.22523e+00,2.94628e+00,3.28149e+00,3.00000e+00
2.97321e+00,3.42203e+00,2.71678e+00,2.90316e+00,3.00000e+00
3.11338e+00,2.97764e+00,3.15308e+00,3.09539e+00,3.00000e+00
2.72549e+00,3.29713e+00,2.92917e+00,2.69330e+00,3.00000e+00
3.20307e+00,2.70274e+00,2.72704e+00,2.98590e+00,3.00000e+00
2.99447e+00,3.01663e+00,2.88749e+00,2.92297e+00,3.00000e+00
3.08679e+00,2.87777e+00,3.08070e+00,3.07248e+00,3.00000e+00
3.22714e+00,3.16438e+00,2.92621e+00,2.89487e+00,3.00000e+00
2.95426e+00,3.00808e+00,3.17945e+00,3.20696e+00,3.00000e+00
